<application>
  <component name="FileTypeManager" version="18">
    <extensionMap>
      <mapping pattern="tracking-for-loggable-mail" type="PLAIN_TEXT" />
      <mapping pattern=".env.production" type="PLAIN_TEXT" />
      <mapping pattern=".env.testing" type="PLAIN_TEXT" />
      <mapping pattern="Jenkinsfile__local" type="PLAIN_TEXT" />
      <mapping pattern="phpunit" type="PLAIN_TEXT" />
      <mapping pattern="dealschecker" type="PLAIN_TEXT" />
      <mapping pattern="___Dockerfile" type="PLAIN_TEXT" />
      <mapping pattern="2017_07_12_090900_add_lang_const_partners_approval_shift.php" type="PLAIN_TEXT" />
      <mapping pattern="README" type="PLAIN_TEXT" />
      <mapping pattern="generate_config" type="PLAIN_TEXT" />
      <mapping pattern="LICENSE" type="PLAIN_TEXT" />
      <mapping pattern=".env.local.bravopromo" type="PLAIN_TEXT" />
      <mapping pattern=".env.local.bravogutschein" type="PLAIN_TEXT" />
      <mapping pattern="DockerfileNginx" type="PLAIN_TEXT" />
      <mapping pattern=".gitkeep" type="PLAIN_TEXT" />
      <mapping pattern=".htaccess.test.bravosconto.it" type="PLAIN_TEXT" />
      <mapping pattern="dockerfile" type="PLAIN_TEXT" />
      <mapping pattern="env-test" type="PLAIN_TEXT" />
      <mapping pattern=".env.local" type="PLAIN_TEXT" />
      <mapping pattern="RateLimited.php" type="PLAIN_TEXT" />
      <mapping pattern=".env.deploy" type="PLAIN_TEXT" />
      <mapping pattern=".env.gae" type="PLAIN_TEXT" />
      <mapping ext="d" type="PLAIN_TEXT" />
      <mapping ext="bak" type="PLAIN_TEXT" />
      <mapping ext="old" type="PLAIN_TEXT" />
      <mapping ext="old-2" type="PLAIN_TEXT" />
      <mapping ext="blade" type="PLAIN_TEXT" />
      <mapping ext="new" type="PLAIN_TEXT" />
      <mapping ext="todo" type="PLAIN_TEXT" />
      <mapping ext="sqlite" type="PLAIN_TEXT" />
      <mapping ext="sqllite" type="PLAIN_TEXT" />
      <mapping ext="response" type="PLAIN_TEXT" />
      <mapping ext="old2" type="PLAIN_TEXT" />
      <mapping pattern=".htaccess.normal" type="htaccess" />
    </extensionMap>
  </component>
</application>