<application>
  <component name="MaterialThemeConfig">
    <option name="compactTables" value="true" />
    <option name="allowDataCollection" value="true" />
    <option name="isCompactTables" value="true" />
    <option name="isWizardShown" value="true" />
    <option name="pristineConfig" value="false" />
    <option name="useMaterialFont2" value="true" />
    <option name="settingsSelectedTab" value="5" />
    <option name="accentColor" value="ab47bc" />
    <option name="selectedTheme" value="PALENIGHT" />
    <option name="userId" value="-4af8a854:16f71816b2b:-8000" />
    <option name="version" value="6.3.3" />
  </component>
</application>