<application>
  <component name="RemoteServers">
    <remote-server name="Docker" type="docker">
      <configuration>
        <option name="apiUrl" value="tcp://localhost:2375" />
        <option name="pathMappings">
          <list>
            <DockerPathMappingImpl>
              <option name="localPath" value="C:\laradock\bravosconto.it" />
              <option name="virtualMachinePath" value="/var/www/bravosconto.it" />
            </DockerPathMappingImpl>
          </list>
        </option>
      </configuration>
    </remote-server>
  </component>
</application>